{"stats":{"minecraft:dropped":{"minecraft:poppy":2},"minecraft:crafted":{"minecraft:oak_planks":16,"minecraft:cooked_porkchop":3,"minecraft:crafting_table":1,"minecraft:wooden_pickaxe":1,"minecraft:birch_planks":8,"minecraft:stone_axe":1,"minecraft:cooked_mutton":2,"minecraft:bread":79,"minecraft:air":0,"minecraft:stick":12,"minecraft:iron_ingot":13,"minecraft:stone_pickaxe":2,"minecraft:wooden_axe":1,"minecraft:chest":1,"minecraft:torch":8,"minecraft:wheat":198},"minecraft:used":{"minecraft:rose_bush":2,"minecraft:stone_pickaxe":51,"minecraft:poppy":1,"minecraft:black_carpet":1,"minecraft:chest":1,"minecraft:wooden_pickaxe":5,"minecraft:dirt":8,"minecraft:mutton":1,"minecraft:crafting_table":4,"minecraft:white_bed":1,"minecraft:wooden_axe":41,"minecraft:bread":3,"minecraft:golden_leggings":1,"minecraft:stone_axe":14,"minecraft:brown_carpet":1,"minecraft:furnace":2,"minecraft:cooked_porkchop":1},"minecraft:killed_by":{"minecraft:skeleton":1,"minecraft:zombie":1},"minecraft:killed":{"minecraft:pig":3,"minecraft:spider":1,"minecraft:sheep":2,"minecraft:skeleton":1,"minecraft:chicken":1},"minecraft:mined":{"minecraft:white_bed":1,"minecraft:cyan_terracotta":19,"minecraft:crafting_table":3,"minecraft:grass_block":4,"minecraft:tall_grass":3,"minecraft:hay_block":22,"minecraft:furnace":2,"minecraft:carrots":5,"minecraft:birch_log":2,"minecraft:iron_ore":13,"minecraft:wheat":8,"minecraft:black_carpet":1,"minecraft:peony":4,"minecraft:grass":4,"minecraft:oak_log":4,"minecraft:potatoes":1,"minecraft:coal_ore":10,"minecraft:oak_stairs":1,"minecraft:dirt":10,"minecraft:stone":10,"minecraft:oak_leaves":4},"minecraft:custom":{"minecraft:interact_with_furnace":6,"minecraft:mob_kills":8,"minecraft:interact_with_crafting_table":13,"minecraft:time_since_death":195,"minecraft:sleep_in_bed":1,"minecraft:time_since_rest":233,"minecraft:sprint_one_cm":65738,"minecraft:damage_taken":897,"minecraft:walk_one_cm":59188,"minecraft:drop":2,"minecraft:damage_dealt":992,"minecraft:swim_one_cm":16133,"minecraft:talked_to_villager":1,"minecraft:fly_one_cm":178321,"minecraft:open_chest":7,"minecraft:crouch_one_cm":3530,"minecraft:play_time":51657,"minecraft:deaths":3,"minecraft:sneak_time":1482,"minecraft:walk_under_water_one_cm":5481,"minecraft:jump":773,"minecraft:walk_on_water_one_cm":4168,"minecraft:total_world_time":51657,"minecraft:fall_one_cm":26823},"minecraft:picked_up":{"minecraft:wooden_axe":1,"minecraft:birch_log":2,"minecraft:crafting_table":4,"minecraft:black_carpet":1,"minecraft:wheat":41,"minecraft:feather":4,"minecraft:azure_bluet":1,"minecraft:golden_leggings":1,"minecraft:oak_stairs":1,"minecraft:potato":8,"minecraft:flint":4,"minecraft:oak_log":4,"minecraft:string":2,"minecraft:dirt":14,"minecraft:lantern":2,"minecraft:flint_and_steel":1,"minecraft:item_frame":1,"minecraft:experience_bottle":1,"minecraft:bone":2,"minecraft:wheat_seeds":28,"minecraft:stone_pickaxe":2,"minecraft:iron_ingot":13,"minecraft:rose_bush":2,"minecraft:poppy":3,"minecraft:oak_planks":3,"minecraft:furnace":2,"minecraft:raw_iron":13,"minecraft:stick":2,"minecraft:cooked_porkchop":2,"minecraft:torch":2,"minecraft:porkchop":3,"minecraft:white_bed":1,"minecraft:carrot":8,"minecraft:spider_eye":1,"minecraft:brown_carpet":1,"minecraft:arrow":1,"minecraft:beetroot_seeds":1,"minecraft:peony":29,"minecraft:hay_block":22,"minecraft:cyan_terracotta":19,"minecraft:bread":64,"minecraft:oak_sapling":1,"minecraft:mutton":5,"minecraft:coal":17,"minecraft:white_wool":4,"minecraft:cobblestone":10,"minecraft:oxeye_daisy":2}},"DataVersion":3465}