{"stats":{"minecraft:broken":{"minecraft:stone_pickaxe":2,"minecraft:stone_axe":1,"minecraft:stone_shovel":1},"minecraft:killed":{"minecraft:spider":2,"minecraft:skeleton":2,"minecraft:chicken":1,"minecraft:pig":3,"minecraft:sheep":6,"minecraft:pillager":2,"minecraft:zombie":2},"minecraft:killed_by":{"minecraft:pillager":1,"minecraft:skeleton":3,"minecraft:zombie":1},"minecraft:custom":{"minecraft:mob_kills":19,"minecraft:interact_with_crafting_table":46,"minecraft:open_barrel":1,"minecraft:leave_game":1,"minecraft:time_since_death":71454,"minecraft:climb_one_cm":536,"minecraft:sprint_one_cm":152175,"minecraft:walk_one_cm":217288,"minecraft:drop":3,"minecraft:talked_to_villager":26,"minecraft:play_time":140159,"minecraft:deaths":6,"minecraft:sneak_time":5392,"minecraft:walk_under_water_one_cm":6705,"minecraft:boat_one_cm":165884,"minecraft:jump":1818,"minecraft:walk_on_water_one_cm":6442,"minecraft:total_world_time":140159,"minecraft:interact_with_furnace":10,"minecraft:sleep_in_bed":7,"minecraft:time_since_rest":12873,"minecraft:damage_taken":2247,"minecraft:damage_dealt":2235,"minecraft:swim_one_cm":28127,"minecraft:fly_one_cm":376750,"minecraft:open_chest":19,"minecraft:crouch_one_cm":11941,"minecraft:fall_one_cm":62681},"minecraft:mined":{"minecraft:white_bed":1,"minecraft:grass_block":55,"minecraft:coal_block":8,"minecraft:birch_slab":7,"minecraft:hay_block":22,"minecraft:tall_seagrass":1,"minecraft:furnace":2,"minecraft:carrots":5,"minecraft:iron_ore":13,"minecraft:black_carpet":1,"minecraft:peony":4,"minecraft:potatoes":1,"minecraft:dirt_path":11,"minecraft:oak_stairs":1,"minecraft:lantern":3,"minecraft:stone":38,"minecraft:birch_stairs":13,"minecraft:cyan_terracotta":244,"minecraft:dandelion":1,"minecraft:clay":42,"minecraft:crafting_table":4,"minecraft:torch":5,"minecraft:light_gray_terracotta":19,"minecraft:poppy":1,"minecraft:tall_grass":3,"minecraft:wall_torch":3,"minecraft:birch_planks":20,"minecraft:birch_log":78,"minecraft:wheat":8,"minecraft:birch_leaves":9,"minecraft:grass":14,"minecraft:oak_log":4,"minecraft:coal_ore":10,"minecraft:birch_button":1,"minecraft:dirt":38,"minecraft:oak_leaves":4,"minecraft:birch_fence":1},"minecraft:crafted":{"minecraft:oak_planks":16,"minecraft:stone_shovel":1,"minecraft:barrel":3,"minecraft:birch_boat":1,"minecraft:birch_slab":18,"minecraft:cooked_mutton":2,"minecraft:hopper":2,"minecraft:stone_pickaxe":3,"minecraft:chest":7,"minecraft:birch_button":6,"minecraft:wheat":198,"minecraft:cooked_porkchop":3,"minecraft:crafting_table":2,"minecraft:wooden_pickaxe":1,"minecraft:bucket":1,"minecraft:birch_planks":288,"minecraft:stone_axe":2,"minecraft:bread":79,"minecraft:air":0,"minecraft:birch_fence":9,"minecraft:stick":16,"minecraft:iron_ingot":13,"minecraft:wooden_axe":1,"minecraft:birch_trapdoor":2,"minecraft:white_bed":2,"minecraft:torch":8,"minecraft:birch_stairs":4},"minecraft:picked_up":{"minecraft:wooden_axe":1,"minecraft:crafting_table":5,"minecraft:wheat":41,"minecraft:black_carpet":1,"minecraft:azure_bluet":1,"minecraft:clay_ball":232,"minecraft:oak_stairs":1,"minecraft:birch_button":1,"minecraft:string":4,"minecraft:flint_and_steel":1,"minecraft:item_frame":1,"minecraft:birch_fence":1,"minecraft:experience_bottle":1,"minecraft:rose_bush":2,"minecraft:poppy":4,"minecraft:coal_block":8,"minecraft:birch_sapling":2,"minecraft:furnace":2,"minecraft:stick":25,"minecraft:raw_iron":13,"minecraft:torch":45,"minecraft:porkchop":3,"minecraft:carrot":8,"minecraft:brown_carpet":1,"minecraft:arrow":1,"minecraft:rotten_flesh":1,"minecraft:beetroot_seeds":1,"minecraft:peony":29,"minecraft:hay_block":22,"minecraft:cyan_terracotta":486,"minecraft:mutton":12,"minecraft:cobblestone":50,"minecraft:white_wool":8,"minecraft:oxeye_daisy":2,"minecraft:birch_log":78,"minecraft:feather":4,"minecraft:birch_slab":8,"minecraft:golden_leggings":1,"minecraft:potato":8,"minecraft:birch_planks":228,"minecraft:flint":4,"minecraft:oak_log":4,"minecraft:lantern":6,"minecraft:dirt":102,"minecraft:white_banner":2,"minecraft:cooked_mutton":2,"minecraft:bone":4,"minecraft:wheat_seeds":28,"minecraft:stone_pickaxe":6,"minecraft:iron_ingot":26,"minecraft:oak_planks":3,"minecraft:cooked_porkchop":5,"minecraft:birch_boat":6,"minecraft:dandelion":1,"minecraft:birch_stairs":13,"minecraft:white_bed":1,"minecraft:spider_eye":1,"minecraft:light_gray_terracotta":23,"minecraft:stone_axe":5,"minecraft:bread":298,"minecraft:oak_sapling":1,"minecraft:coal":17},"minecraft:dropped":{"minecraft:stone_axe":1,"minecraft:poppy":2},"minecraft:used":{"minecraft:rose_bush":2,"minecraft:stone_shovel":137,"minecraft:poppy":1,"minecraft:black_carpet":1,"minecraft:chest":2,"minecraft:torch":13,"minecraft:dirt":53,"minecraft:mutton":1,"minecraft:wooden_axe":41,"minecraft:cyan_terracotta":57,"minecraft:lava_bucket":3,"minecraft:birch_sapling":1,"minecraft:barrel":3,"minecraft:birch_button":7,"minecraft:brown_carpet":1,"minecraft:furnace":2,"minecraft:water_bucket":1,"minecraft:birch_planks":175,"minecraft:stone_pickaxe":347,"minecraft:wooden_pickaxe":5,"minecraft:birch_boat":7,"minecraft:crafting_table":6,"minecraft:white_bed":3,"minecraft:birch_fence":10,"minecraft:birch_slab":17,"minecraft:bread":14,"minecraft:golden_leggings":1,"minecraft:stone_axe":173,"minecraft:cooked_porkchop":2,"minecraft:bucket":5,"minecraft:birch_stairs":17}},"DataVersion":3465}