{"stats":{"minecraft:broken":{"minecraft:stone_pickaxe":2,"minecraft:stone_axe":1},"minecraft:killed":{"minecraft:pig":3,"minecraft:spider":2,"minecraft:sheep":2,"minecraft:skeleton":2,"minecraft:pillager":2,"minecraft:zombie":1,"minecraft:chicken":1},"minecraft:killed_by":{"minecraft:skeleton":3,"minecraft:zombie":1,"minecraft:pillager":1},"minecraft:crafted":{"minecraft:oak_planks":16,"minecraft:stone_shovel":1,"minecraft:cooked_porkchop":3,"minecraft:crafting_table":1,"minecraft:wooden_pickaxe":1,"minecraft:birch_slab":6,"minecraft:birch_planks":184,"minecraft:stone_axe":2,"minecraft:bread":79,"minecraft:cooked_mutton":2,"minecraft:air":0,"minecraft:birch_fence":6,"minecraft:stick":16,"minecraft:iron_ingot":13,"minecraft:stone_pickaxe":3,"minecraft:wooden_axe":1,"minecraft:chest":1,"minecraft:torch":8,"minecraft:birch_stairs":4,"minecraft:wheat":198},"minecraft:custom":{"minecraft:interact_with_furnace":9,"minecraft:mob_kills":14,"minecraft:interact_with_crafting_table":28,"minecraft:time_since_death":23783,"minecraft:sleep_in_bed":4,"minecraft:time_since_rest":9863,"minecraft:sprint_one_cm":97172,"minecraft:damage_taken":1927,"minecraft:walk_one_cm":154059,"minecraft:drop":2,"minecraft:damage_dealt":1769,"minecraft:swim_one_cm":16133,"minecraft:fly_one_cm":241862,"minecraft:talked_to_villager":1,"minecraft:open_chest":13,"minecraft:crouch_one_cm":7109,"minecraft:play_time":92488,"minecraft:deaths":6,"minecraft:sneak_time":3224,"minecraft:walk_under_water_one_cm":5481,"minecraft:jump":1162,"minecraft:walk_on_water_one_cm":4168,"minecraft:total_world_time":92488,"minecraft:fall_one_cm":37837},"minecraft:mined":{"minecraft:birch_stairs":13,"minecraft:white_bed":1,"minecraft:cyan_terracotta":238,"minecraft:torch":2,"minecraft:clay":42,"minecraft:crafting_table":3,"minecraft:light_gray_terracotta":19,"minecraft:grass_block":4,"minecraft:tall_grass":3,"minecraft:birch_slab":6,"minecraft:wall_torch":1,"minecraft:hay_block":22,"minecraft:birch_planks":20,"minecraft:furnace":2,"minecraft:carrots":5,"minecraft:birch_log":50,"minecraft:iron_ore":13,"minecraft:wheat":8,"minecraft:birch_leaves":6,"minecraft:black_carpet":1,"minecraft:peony":4,"minecraft:grass":4,"minecraft:oak_log":4,"minecraft:potatoes":1,"minecraft:coal_ore":10,"minecraft:oak_stairs":1,"minecraft:dirt":10,"minecraft:stone":38,"minecraft:birch_fence":1,"minecraft:oak_leaves":4},"minecraft:picked_up":{"minecraft:wooden_axe":1,"minecraft:birch_log":50,"minecraft:crafting_table":4,"minecraft:black_carpet":1,"minecraft:wheat":41,"minecraft:feather":4,"minecraft:azure_bluet":1,"minecraft:birch_slab":7,"minecraft:clay_ball":232,"minecraft:golden_leggings":1,"minecraft:oak_stairs":1,"minecraft:potato":8,"minecraft:birch_planks":228,"minecraft:flint":4,"minecraft:oak_log":4,"minecraft:string":4,"minecraft:dirt":14,"minecraft:lantern":2,"minecraft:white_banner":2,"minecraft:flint_and_steel":1,"minecraft:cooked_mutton":2,"minecraft:item_frame":1,"minecraft:birch_fence":1,"minecraft:experience_bottle":1,"minecraft:bone":4,"minecraft:wheat_seeds":28,"minecraft:iron_ingot":26,"minecraft:stone_pickaxe":6,"minecraft:rose_bush":2,"minecraft:poppy":3,"minecraft:birch_sapling":1,"minecraft:oak_planks":3,"minecraft:furnace":2,"minecraft:raw_iron":13,"minecraft:stick":25,"minecraft:cooked_porkchop":5,"minecraft:torch":41,"minecraft:porkchop":3,"minecraft:birch_stairs":13,"minecraft:carrot":8,"minecraft:white_bed":1,"minecraft:spider_eye":1,"minecraft:brown_carpet":1,"minecraft:light_gray_terracotta":23,"minecraft:arrow":1,"minecraft:stone_axe":4,"minecraft:beetroot_seeds":1,"minecraft:peony":29,"minecraft:hay_block":22,"minecraft:cyan_terracotta":480,"minecraft:bread":298,"minecraft:oak_sapling":1,"minecraft:mutton":5,"minecraft:coal":17,"minecraft:cobblestone":50,"minecraft:white_wool":4,"minecraft:oxeye_daisy":2},"minecraft:dropped":{"minecraft:poppy":2},"minecraft:used":{"minecraft:rose_bush":2,"minecraft:birch_planks":172,"minecraft:stone_shovel":33,"minecraft:stone_pickaxe":329,"minecraft:poppy":1,"minecraft:black_carpet":1,"minecraft:chest":1,"minecraft:wooden_pickaxe":5,"minecraft:torch":6,"minecraft:dirt":8,"minecraft:mutton":1,"minecraft:crafting_table":4,"minecraft:white_bed":1,"minecraft:birch_fence":4,"minecraft:wooden_axe":41,"minecraft:cyan_terracotta":51,"minecraft:birch_slab":7,"minecraft:birch_sapling":1,"minecraft:bread":6,"minecraft:golden_leggings":1,"minecraft:stone_axe":121,"minecraft:brown_carpet":1,"minecraft:furnace":2,"minecraft:cooked_porkchop":2,"minecraft:birch_stairs":17}},"DataVersion":3465}