{"stats":{"minecraft:crafted":{"minecraft:oak_planks":12,"minecraft:crafting_table":1,"minecraft:stick":4,"minecraft:wooden_pickaxe":1,"minecraft:wooden_axe":1},"minecraft:used":{"minecraft:wooden_axe":19,"minecraft:black_carpet":1,"minecraft:wooden_pickaxe":1,"minecraft:golden_leggings":1,"minecraft:dirt":7,"minecraft:mutton":1,"minecraft:crafting_table":2},"minecraft:killed_by":{"minecraft:zombie":1},"minecraft:killed":{"minecraft:skeleton":1,"minecraft:sheep":2,"minecraft:chicken":1},"minecraft:mined":{"minecraft:hay_block":22,"minecraft:white_bed":1,"minecraft:furnace":1,"minecraft:wheat":1,"minecraft:black_carpet":1,"minecraft:peony":4,"minecraft:crafting_table":2,"minecraft:grass":3,"minecraft:grass_block":4,"minecraft:oak_log":4,"minecraft:oak_stairs":1,"minecraft:dirt":10,"minecraft:tall_grass":3,"minecraft:oak_leaves":4},"minecraft:custom":{"minecraft:time_since_rest":6979,"minecraft:sprint_one_cm":36029,"minecraft:damage_taken":619,"minecraft:walk_one_cm":27985,"minecraft:mob_kills":4,"minecraft:damage_dealt":416,"minecraft:swim_one_cm":10172,"minecraft:interact_with_crafting_table":2,"minecraft:fly_one_cm":101035,"minecraft:open_chest":1,"minecraft:crouch_one_cm":1546,"minecraft:play_time":27657,"minecraft:deaths":2,"minecraft:sneak_time":765,"minecraft:walk_under_water_one_cm":5472,"minecraft:jump":427,"minecraft:walk_on_water_one_cm":3667,"minecraft:time_since_death":6944,"minecraft:total_world_time":27657,"minecraft:fall_one_cm":15665},"minecraft:picked_up":{"minecraft:wooden_axe":1,"minecraft:wheat":41,"minecraft:stick":2,"minecraft:crafting_table":3,"minecraft:azure_bluet":1,"minecraft:feather":4,"minecraft:golden_leggings":1,"minecraft:torch":2,"minecraft:potato":7,"minecraft:oak_stairs":1,"minecraft:flint":4,"minecraft:oak_log":4,"minecraft:white_bed":1,"minecraft:carrot":3,"minecraft:dirt":14,"minecraft:lantern":2,"minecraft:flint_and_steel":1,"minecraft:bone":2,"minecraft:item_frame":1,"minecraft:arrow":1,"minecraft:experience_bottle":1,"minecraft:beetroot_seeds":1,"minecraft:peony":28,"minecraft:wheat_seeds":27,"minecraft:hay_block":22,"minecraft:rose_bush":2,"minecraft:poppy":1,"minecraft:oak_sapling":1,"minecraft:mutton":5,"minecraft:oak_planks":3,"minecraft:black_carpet":1,"minecraft:white_wool":4,"minecraft:furnace":1,"minecraft:oxeye_daisy":2}},"DataVersion":3465}