{"stats":{"minecraft:broken":{"minecraft:stone_pickaxe":2,"minecraft:stone_axe":1},"minecraft:killed":{"minecraft:pig":3,"minecraft:spider":2,"minecraft:sheep":6,"minecraft:skeleton":2,"minecraft:pillager":2,"minecraft:zombie":2,"minecraft:chicken":1},"minecraft:killed_by":{"minecraft:skeleton":3,"minecraft:zombie":1,"minecraft:pillager":1},"minecraft:crafted":{"minecraft:oak_planks":16,"minecraft:stone_shovel":1,"minecraft:cooked_porkchop":3,"minecraft:crafting_table":2,"minecraft:birch_boat":1,"minecraft:wooden_pickaxe":1,"minecraft:birch_slab":6,"minecraft:bucket":1,"minecraft:birch_planks":264,"minecraft:stone_axe":2,"minecraft:bread":79,"minecraft:cooked_mutton":2,"minecraft:air":0,"minecraft:hopper":2,"minecraft:birch_fence":9,"minecraft:stick":16,"minecraft:iron_ingot":13,"minecraft:birch_trapdoor":2,"minecraft:stone_pickaxe":3,"minecraft:wooden_axe":1,"minecraft:chest":7,"minecraft:torch":8,"minecraft:birch_stairs":4,"minecraft:wheat":198},"minecraft:mined":{"minecraft:birch_stairs":13,"minecraft:white_bed":1,"minecraft:cyan_terracotta":244,"minecraft:clay":42,"minecraft:light_gray_terracotta":19,"minecraft:crafting_table":4,"minecraft:torch":3,"minecraft:grass_block":4,"minecraft:coal_block":8,"minecraft:tall_grass":3,"minecraft:birch_slab":7,"minecraft:wall_torch":2,"minecraft:hay_block":22,"minecraft:birch_planks":20,"minecraft:furnace":2,"minecraft:carrots":5,"minecraft:birch_log":66,"minecraft:iron_ore":13,"minecraft:wheat":8,"minecraft:birch_leaves":6,"minecraft:black_carpet":1,"minecraft:peony":4,"minecraft:grass":8,"minecraft:potatoes":1,"minecraft:coal_ore":10,"minecraft:oak_log":4,"minecraft:lantern":3,"minecraft:oak_stairs":1,"minecraft:dirt":10,"minecraft:stone":38,"minecraft:oak_leaves":4,"minecraft:birch_fence":1},"minecraft:custom":{"minecraft:interact_with_furnace":10,"minecraft:mob_kills":19,"minecraft:interact_with_crafting_table":38,"minecraft:leave_game":1,"minecraft:time_since_death":47454,"minecraft:sleep_in_bed":6,"minecraft:climb_one_cm":308,"minecraft:time_since_rest":1920,"minecraft:sprint_one_cm":138863,"minecraft:damage_taken":2207,"minecraft:walk_one_cm":179021,"minecraft:drop":3,"minecraft:damage_dealt":2231,"minecraft:swim_one_cm":26291,"minecraft:fly_one_cm":351078,"minecraft:talked_to_villager":1,"minecraft:open_chest":18,"minecraft:play_time":116159,"minecraft:crouch_one_cm":10763,"minecraft:deaths":6,"minecraft:sneak_time":4754,"minecraft:walk_under_water_one_cm":6326,"minecraft:boat_one_cm":71195,"minecraft:jump":1623,"minecraft:walk_on_water_one_cm":4856,"minecraft:total_world_time":116159,"minecraft:fall_one_cm":57125},"minecraft:picked_up":{"minecraft:wooden_axe":1,"minecraft:birch_log":66,"minecraft:crafting_table":5,"minecraft:black_carpet":1,"minecraft:wheat":41,"minecraft:azure_bluet":1,"minecraft:feather":4,"minecraft:clay_ball":232,"minecraft:birch_slab":8,"minecraft:golden_leggings":1,"minecraft:oak_stairs":1,"minecraft:potato":8,"minecraft:birch_planks":228,"minecraft:flint":4,"minecraft:oak_log":4,"minecraft:string":4,"minecraft:dirt":14,"minecraft:lantern":6,"minecraft:white_banner":2,"minecraft:flint_and_steel":1,"minecraft:cooked_mutton":2,"minecraft:item_frame":1,"minecraft:experience_bottle":1,"minecraft:bone":4,"minecraft:birch_fence":1,"minecraft:wheat_seeds":28,"minecraft:iron_ingot":26,"minecraft:stone_pickaxe":6,"minecraft:rose_bush":2,"minecraft:poppy":3,"minecraft:coal_block":8,"minecraft:birch_sapling":1,"minecraft:oak_planks":3,"minecraft:furnace":2,"minecraft:raw_iron":13,"minecraft:stick":25,"minecraft:birch_boat":1,"minecraft:cooked_porkchop":5,"minecraft:torch":43,"minecraft:porkchop":3,"minecraft:birch_stairs":13,"minecraft:carrot":8,"minecraft:white_bed":1,"minecraft:spider_eye":1,"minecraft:brown_carpet":1,"minecraft:light_gray_terracotta":23,"minecraft:arrow":1,"minecraft:rotten_flesh":1,"minecraft:stone_axe":5,"minecraft:beetroot_seeds":1,"minecraft:peony":29,"minecraft:hay_block":22,"minecraft:cyan_terracotta":486,"minecraft:bread":298,"minecraft:oak_sapling":1,"minecraft:mutton":12,"minecraft:coal":17,"minecraft:white_wool":8,"minecraft:cobblestone":50,"minecraft:oxeye_daisy":2},"minecraft:dropped":{"minecraft:stone_axe":1,"minecraft:poppy":2},"minecraft:used":{"minecraft:rose_bush":2,"minecraft:birch_planks":175,"minecraft:stone_pickaxe":346,"minecraft:stone_shovel":33,"minecraft:poppy":1,"minecraft:black_carpet":1,"minecraft:birch_boat":1,"minecraft:chest":1,"minecraft:wooden_pickaxe":5,"minecraft:torch":10,"minecraft:dirt":8,"minecraft:mutton":1,"minecraft:crafting_table":5,"minecraft:white_bed":1,"minecraft:birch_fence":10,"minecraft:wooden_axe":41,"minecraft:lava_bucket":3,"minecraft:cyan_terracotta":57,"minecraft:birch_slab":14,"minecraft:bread":13,"minecraft:birch_sapling":1,"minecraft:golden_leggings":1,"minecraft:stone_axe":157,"minecraft:brown_carpet":1,"minecraft:furnace":2,"minecraft:cooked_porkchop":2,"minecraft:bucket":3,"minecraft:birch_stairs":17}},"DataVersion":3465}