{"stats":{"minecraft:crafted":{"minecraft:oak_planks":4},"minecraft:picked_up":{"minecraft:oak_log":3},"minecraft:mined":{"minecraft:grass":1,"minecraft:oak_log":3,"minecraft:oak_leaves":2},"minecraft:custom":{"minecraft:jump":98,"minecraft:time_since_rest":15657,"minecraft:walk_on_water_one_cm":660,"minecraft:damage_dealt":17,"minecraft:damage_taken":120,"minecraft:crouch_one_cm":115,"minecraft:sprint_one_cm":10387,"minecraft:play_time":15657,"minecraft:time_since_death":15657,"minecraft:walk_one_cm":4118,"minecraft:sneak_time":22,"minecraft:total_world_time":15657,"minecraft:walk_under_water_one_cm":219,"minecraft:fall_one_cm":3990,"minecraft:fly_one_cm":26230}},"DataVersion":3465}