{"stats":{"minecraft:broken":{"minecraft:stone_pickaxe":3,"minecraft:stone_axe":1,"minecraft:stone_shovel":1},"minecraft:killed":{"minecraft:spider":2,"minecraft:skeleton":2,"minecraft:chicken":1,"minecraft:pig":3,"minecraft:sheep":9,"minecraft:pillager":2,"minecraft:zombie":4},"minecraft:killed_by":{"minecraft:pillager":1,"minecraft:skeleton":3,"minecraft:zombie":1},"minecraft:custom":{"minecraft:mob_kills":24,"minecraft:inspect_hopper":1,"minecraft:interact_with_crafting_table":56,"minecraft:open_barrel":1,"minecraft:leave_game":1,"minecraft:time_since_death":107454,"minecraft:climb_one_cm":536,"minecraft:sprint_one_cm":211580,"minecraft:walk_one_cm":270489,"minecraft:drop":4,"minecraft:talked_to_villager":27,"minecraft:play_time":176159,"minecraft:deaths":6,"minecraft:sneak_time":8887,"minecraft:walk_under_water_one_cm":9683,"minecraft:boat_one_cm":230108,"minecraft:jump":2421,"minecraft:walk_on_water_one_cm":21843,"minecraft:total_world_time":176159,"minecraft:interact_with_furnace":10,"minecraft:sleep_in_bed":10,"minecraft:time_since_rest":886,"minecraft:damage_taken":2687,"minecraft:damage_dealt":2876,"minecraft:swim_one_cm":46116,"minecraft:fly_one_cm":510627,"minecraft:open_chest":20,"minecraft:crouch_one_cm":16710,"minecraft:fall_one_cm":83126},"minecraft:mined":{"minecraft:white_bed":1,"minecraft:grass_block":121,"minecraft:coal_block":8,"minecraft:birch_slab":7,"minecraft:hay_block":22,"minecraft:tall_seagrass":1,"minecraft:furnace":2,"minecraft:carrots":5,"minecraft:fire":9,"minecraft:iron_ore":13,"minecraft:black_carpet":1,"minecraft:peony":4,"minecraft:cobblestone_slab":2,"minecraft:potatoes":1,"minecraft:dirt_path":13,"minecraft:oak_stairs":1,"minecraft:lantern":3,"minecraft:stone":101,"minecraft:birch_stairs":13,"minecraft:cyan_terracotta":244,"minecraft:dandelion":1,"minecraft:clay":42,"minecraft:crafting_table":6,"minecraft:torch":6,"minecraft:light_gray_terracotta":19,"minecraft:poppy":1,"minecraft:tall_grass":3,"minecraft:sugar_cane":1,"minecraft:wall_torch":3,"minecraft:birch_planks":20,"minecraft:birch_log":80,"minecraft:wheat":8,"minecraft:birch_trapdoor":2,"minecraft:birch_leaves":9,"minecraft:orange_tulip":3,"minecraft:grass":15,"minecraft:oak_log":4,"minecraft:coal_ore":10,"minecraft:gravel":15,"minecraft:birch_button":1,"minecraft:dirt":94,"minecraft:oak_leaves":4,"minecraft:birch_fence":1},"minecraft:crafted":{"minecraft:oak_planks":16,"minecraft:cobblestone_slab":12,"minecraft:stone_shovel":2,"minecraft:barrel":3,"minecraft:birch_boat":2,"minecraft:birch_slab":18,"minecraft:cooked_mutton":2,"minecraft:hopper":2,"minecraft:stone_pickaxe":4,"minecraft:chest":7,"minecraft:birch_button":6,"minecraft:birch_sign":9,"minecraft:wheat":198,"minecraft:cooked_porkchop":3,"minecraft:crafting_table":3,"minecraft:wooden_pickaxe":1,"minecraft:bucket":1,"minecraft:birch_planks":320,"minecraft:stone_axe":2,"minecraft:bread":79,"minecraft:air":0,"minecraft:birch_fence":9,"minecraft:stick":20,"minecraft:iron_ingot":13,"minecraft:wooden_axe":1,"minecraft:birch_trapdoor":2,"minecraft:white_bed":3,"minecraft:torch":8,"minecraft:birch_stairs":4},"minecraft:picked_up":{"minecraft:wooden_axe":1,"minecraft:crafting_table":7,"minecraft:wheat":41,"minecraft:black_carpet":1,"minecraft:azure_bluet":1,"minecraft:clay_ball":232,"minecraft:oak_stairs":1,"minecraft:birch_button":1,"minecraft:string":4,"minecraft:flint_and_steel":1,"minecraft:item_frame":1,"minecraft:birch_fence":1,"minecraft:experience_bottle":1,"minecraft:rose_bush":2,"minecraft:cobblestone_slab":2,"minecraft:poppy":4,"minecraft:sugar_cane":3,"minecraft:coal_block":8,"minecraft:birch_sapling":2,"minecraft:furnace":2,"minecraft:stick":27,"minecraft:raw_iron":13,"minecraft:birch_trapdoor":2,"minecraft:torch":46,"minecraft:porkchop":3,"minecraft:carrot":8,"minecraft:brown_carpet":1,"minecraft:arrow":1,"minecraft:rotten_flesh":2,"minecraft:beetroot_seeds":1,"minecraft:peony":29,"minecraft:hay_block":22,"minecraft:cyan_terracotta":486,"minecraft:mutton":17,"minecraft:cobblestone":113,"minecraft:white_wool":11,"minecraft:oxeye_daisy":2,"minecraft:birch_log":80,"minecraft:feather":4,"minecraft:birch_slab":8,"minecraft:golden_leggings":1,"minecraft:potato":8,"minecraft:birch_planks":228,"minecraft:flint":7,"minecraft:oak_log":4,"minecraft:lantern":6,"minecraft:dirt":245,"minecraft:white_banner":2,"minecraft:cooked_mutton":2,"minecraft:bone":4,"minecraft:orange_tulip":1,"minecraft:wheat_seeds":28,"minecraft:stone_pickaxe":6,"minecraft:iron_ingot":26,"minecraft:oak_planks":3,"minecraft:cooked_porkchop":5,"minecraft:birch_boat":11,"minecraft:dandelion":1,"minecraft:gravel":12,"minecraft:birch_stairs":13,"minecraft:white_bed":1,"minecraft:spider_eye":1,"minecraft:light_gray_terracotta":23,"minecraft:stone_axe":5,"minecraft:bread":298,"minecraft:oak_sapling":1,"minecraft:coal":17},"minecraft:dropped":{"minecraft:stone_axe":1,"minecraft:poppy":3},"minecraft:used":{"minecraft:rose_bush":2,"minecraft:stone_shovel":236,"minecraft:poppy":1,"minecraft:black_carpet":1,"minecraft:chest":2,"minecraft:torch":17,"minecraft:dirt":103,"minecraft:mutton":1,"minecraft:hopper":1,"minecraft:wooden_axe":41,"minecraft:cyan_terracotta":57,"minecraft:lava_bucket":4,"minecraft:birch_sapling":1,"minecraft:barrel":3,"minecraft:birch_button":7,"minecraft:birch_trapdoor":2,"minecraft:brown_carpet":1,"minecraft:furnace":2,"minecraft:water_bucket":12,"minecraft:birch_planks":175,"minecraft:stone_pickaxe":421,"minecraft:orange_tulip":1,"minecraft:wooden_pickaxe":5,"minecraft:birch_boat":12,"minecraft:cobblestone_slab":2,"minecraft:crafting_table":8,"minecraft:birch_sign":9,"minecraft:white_bed":4,"minecraft:birch_fence":10,"minecraft:birch_slab":17,"minecraft:bread":26,"minecraft:gravel":2,"minecraft:golden_leggings":1,"minecraft:stone_axe":203,"minecraft:cooked_porkchop":2,"minecraft:bucket":16,"minecraft:birch_stairs":17}},"DataVersion":3465}