{"stats":{"minecraft:broken":{"minecraft:stone_pickaxe":3,"minecraft:stone_axe":2,"minecraft:stone_shovel":4},"minecraft:killed":{"minecraft:spider":2,"minecraft:skeleton":5,"minecraft:chicken":1,"minecraft:pig":3,"minecraft:sheep":9,"minecraft:pillager":2,"minecraft:zombie":8,"alexsmobs:fly":1},"minecraft:killed_by":{"minecraft:pillager":1,"minecraft:skeleton":3,"minecraft:zombie":2},"minecraft:custom":{"minecraft:mob_kills":32,"minecraft:inspect_hopper":1,"minecraft:interact_with_crafting_table":65,"minecraft:open_barrel":2,"minecraft:leave_game":6,"minecraft:time_since_death":2123,"minecraft:climb_one_cm":1139,"minecraft:sprint_one_cm":284764,"minecraft:walk_one_cm":379851,"minecraft:drop":24,"minecraft:talked_to_villager":36,"minecraft:play_time":239240,"minecraft:deaths":8,"minecraft:sneak_time":13596,"minecraft:walk_under_water_one_cm":22411,"minecraft:boat_one_cm":303664,"minecraft:jump":3306,"minecraft:walk_on_water_one_cm":27710,"minecraft:total_world_time":239240,"minecraft:interact_with_furnace":10,"minecraft:traded_with_villager":1,"minecraft:sleep_in_bed":14,"minecraft:time_since_rest":2151,"minecraft:damage_taken":3707,"minecraft:damage_dealt":4117,"minecraft:swim_one_cm":49321,"minecraft:fly_one_cm":638623,"minecraft:open_chest":29,"minecraft:crouch_one_cm":25636,"minecraft:fall_one_cm":102579},"minecraft:mined":{"minecraft:white_bed":1,"minecraft:dark_oak_log":12,"minecraft:grass_block":183,"minecraft:coal_block":8,"minecraft:birch_slab":7,"minecraft:hay_block":22,"minecraft:tall_seagrass":1,"minecraft:furnace":2,"minecraft:carrots":18,"minecraft:iron_ore":13,"minecraft:fire":31,"minecraft:black_carpet":1,"minecraft:peony":4,"minecraft:potatoes":2,"minecraft:cobblestone_slab":2,"minecraft:dirt_path":19,"minecraft:oak_stairs":1,"minecraft:lantern":3,"minecraft:stone":103,"minecraft:birch_stairs":13,"minecraft:cyan_terracotta":244,"minecraft:dandelion":1,"minecraft:clay":42,"minecraft:crafting_table":6,"minecraft:torch":7,"minecraft:light_gray_terracotta":19,"minecraft:poppy":3,"minecraft:rose_bush":1,"minecraft:tall_grass":3,"minecraft:sugar_cane":1,"minecraft:wall_torch":3,"minecraft:birch_planks":20,"minecraft:birch_log":90,"minecraft:wheat":8,"minecraft:birch_trapdoor":2,"minecraft:birch_leaves":21,"minecraft:orange_tulip":3,"minecraft:grass":18,"minecraft:oak_log":50,"minecraft:coal_ore":13,"minecraft:gravel":15,"minecraft:birch_button":1,"minecraft:dirt":158,"minecraft:oak_leaves":32,"minecraft:birch_fence":1},"minecraft:crafted":{"minecraft:oak_planks":16,"minecraft:coal":9,"minecraft:cobblestone_slab":12,"minecraft:stone_shovel":5,"minecraft:barrel":3,"minecraft:birch_boat":2,"minecraft:birch_slab":24,"minecraft:bone_meal":18,"minecraft:cooked_mutton":2,"minecraft:hopper":2,"minecraft:stone_pickaxe":4,"minecraft:chest":7,"minecraft:birch_button":6,"minecraft:stone_hoe":1,"minecraft:birch_sign":9,"minecraft:wheat":198,"minecraft:wooden_shovel":1,"minecraft:emerald":1,"minecraft:cooked_porkchop":3,"minecraft:crafting_table":3,"minecraft:wooden_pickaxe":1,"minecraft:bucket":1,"minecraft:birch_planks":360,"minecraft:stone_axe":3,"minecraft:bread":79,"minecraft:air":0,"minecraft:birch_fence":9,"minecraft:stick":36,"minecraft:iron_ingot":13,"minecraft:birch_trapdoor":2,"minecraft:wooden_axe":1,"minecraft:white_bed":3,"minecraft:composter":1,"minecraft:torch":8,"minecraft:birch_stairs":4},"minecraft:picked_up":{"minecraft:wooden_axe":1,"minecraft:crafting_table":7,"minecraft:wheat":41,"minecraft:black_carpet":1,"minecraft:azure_bluet":1,"minecraft:clay_ball":232,"minecraft:oak_stairs":1,"minecraft:birch_button":1,"minecraft:string":4,"minecraft:flint_and_steel":1,"minecraft:item_frame":1,"minecraft:birch_fence":1,"minecraft:experience_bottle":1,"minecraft:rose_bush":2,"minecraft:cobblestone_slab":2,"minecraft:wooden_shovel":1,"minecraft:poppy":6,"minecraft:coal_block":8,"minecraft:sugar_cane":3,"minecraft:birch_sapling":3,"minecraft:furnace":2,"minecraft:stick":45,"minecraft:raw_iron":13,"minecraft:birch_trapdoor":2,"minecraft:torch":47,"minecraft:porkchop":3,"minecraft:carrot":46,"minecraft:brown_carpet":1,"minecraft:rotten_flesh":8,"minecraft:arrow":1,"minecraft:beetroot_seeds":1,"minecraft:peony":29,"minecraft:hay_block":22,"minecraft:cyan_terracotta":486,"minecraft:mutton":17,"minecraft:cobblestone":115,"minecraft:white_wool":11,"minecraft:oxeye_daisy":2,"minecraft:birch_log":90,"minecraft:feather":4,"minecraft:birch_slab":11,"minecraft:golden_leggings":1,"minecraft:potato":9,"minecraft:birch_planks":229,"minecraft:flint":7,"minecraft:oak_log":50,"minecraft:lantern":6,"minecraft:dirt":381,"minecraft:white_banner":2,"minecraft:cooked_mutton":2,"minecraft:bone":11,"minecraft:apple":3,"minecraft:wheat_seeds":29,"minecraft:orange_tulip":1,"minecraft:iron_ingot":26,"minecraft:stone_pickaxe":6,"minecraft:oak_planks":3,"minecraft:cooked_porkchop":5,"minecraft:birch_boat":20,"minecraft:dandelion":1,"minecraft:gravel":12,"minecraft:birch_stairs":13,"minecraft:white_bed":1,"minecraft:dark_oak_log":12,"minecraft:spider_eye":1,"minecraft:light_gray_terracotta":23,"minecraft:stone_axe":7,"minecraft:emerald":1,"minecraft:bread":388,"alexsmobs:maggot":1,"minecraft:oak_sapling":7,"minecraft:coal":22},"minecraft:dropped":{"minecraft:birch_slab":3,"minecraft:flint":3,"minecraft:dandelion":1,"minecraft:bone":2,"minecraft:stone_axe":1,"minecraft:rotten_flesh":2,"minecraft:carrot":13,"minecraft:poppy":5,"minecraft:oak_sapling":1},"minecraft:used":{"minecraft:rose_bush":2,"minecraft:stone_shovel":665,"minecraft:poppy":1,"minecraft:black_carpet":1,"minecraft:chest":3,"minecraft:wooden_shovel":9,"minecraft:stone_hoe":15,"minecraft:torch":17,"minecraft:dirt":254,"minecraft:mutton":1,"minecraft:hopper":1,"minecraft:carrot":16,"minecraft:wooden_axe":41,"minecraft:lava_bucket":4,"minecraft:cyan_terracotta":57,"minecraft:birch_sapling":1,"minecraft:barrel":3,"minecraft:birch_button":7,"minecraft:birch_trapdoor":2,"minecraft:brown_carpet":1,"minecraft:furnace":2,"minecraft:potato":11,"minecraft:water_bucket":12,"minecraft:birch_planks":175,"minecraft:stone_pickaxe":426,"minecraft:orange_tulip":1,"minecraft:wooden_pickaxe":5,"minecraft:birch_boat":20,"minecraft:cobblestone_slab":2,"minecraft:crafting_table":9,"minecraft:birch_sign":9,"minecraft:white_bed":4,"minecraft:birch_fence":10,"minecraft:birch_slab":17,"minecraft:bread":37,"minecraft:gravel":2,"minecraft:golden_leggings":1,"minecraft:stone_axe":318,"minecraft:white_banner":1,"minecraft:cooked_porkchop":2,"minecraft:bucket":16,"minecraft:bone_meal":18,"minecraft:birch_stairs":17}},"DataVersion":3465}